"Date","Price","Open","High","Low","Vol.","Change %"
"27 Aug 2022","0.9985","0.9988","0.9991","0.9977","27.95K","-0.03%"
"26 Aug 2022","0.9988","0.9986","0.9993","0.9980","25.18K","0.02%"
"25 Aug 2022","0.9986","0.9984","0.9995","0.9974","53.42K","0.02%"
"24 Aug 2022","0.9984","0.9991","0.9999","0.9980","26.34K","-0.07%"
"23 Aug 2022","0.9991","0.9983","0.9999","0.9980","20.95K","0.08%"
"22 Aug 2022","0.9983","0.9985","0.9999","0.9980","19.47K","-0.02%"
"21 Aug 2022","0.9985","0.9986","0.9999","0.9980","18.94K","-0.01%"
"20 Aug 2022","0.9986","0.9989","0.9999","0.9983","48.02K","-0.03%"
"19 Aug 2022","0.9989","0.9989","1.0010","0.9982","32.28K","0.02%"
"18 Aug 2022","0.9987","0.9987","0.9997","0.9984","19.55K","0.00%"
"17 Aug 2022","0.9987","1.0000","1.0001","0.9983","16.47K","-0.13%"
"16 Aug 2022","1.0000","0.9981","1.0015","0.9980","29.07K","0.19%"
"15 Aug 2022","0.9981","0.9984","0.9999","0.9974","42.76K","-0.03%"
"14 Aug 2022","0.9984","0.9987","0.9989","0.9974","31.28K","-0.04%"
"13 Aug 2022","0.9988","0.9981","0.9989","0.9974","46.06K","0.07%"
"12 Aug 2022","0.9981","0.9988","0.9996","0.9975","69.24K","-0.07%"
"11 Aug 2022","0.9988","0.9987","1.0015","0.9975","52.96K","0.02%"
"10 Aug 2022","0.9986","1.0002","1.0007","0.9975","66.23K","-0.15%"
"09 Aug 2022","1.0001","0.9991","1.0015","0.9989","57.96K","0.10%"
"08 Aug 2022","0.9991","0.9983","0.9992","0.9975","71.47K","0.08%"
"07 Aug 2022","0.9983","0.9987","0.9992","0.9978","25.63K","-0.04%"
"06 Aug 2022","0.9987","0.9993","0.9998","0.9978","67.07K","-0.06%"
"05 Aug 2022","0.9993","1.0001","1.0013","0.9975","43.26K","-0.08%"
"04 Aug 2022","1.0001","0.9984","1.0009","0.9950","160.26K","0.17%"
"03 Aug 2022","0.9984","0.9992","0.9995","0.9975","22.03K","-0.08%"
"02 Aug 2022","0.9992","0.9995","1.0015","0.9990","25.06K","-0.03%"
"01 Aug 2022","0.9995","0.9997","1.0015","0.9977","135.35K","-0.02%"
"31 July 2022","0.9997","0.9999","0.9999","0.9980","17.36K","-0.02%"
"30 July 2022","0.9999","0.9989","0.9999","0.9978","19.43K","0.10%"
"29 July 2022","0.9989","0.9988","0.9999","0.9974","211.71K","0.01%"
"28 July 2022","0.9988","0.9992","0.9999","0.9981","20.40K","-0.04%"
"27 July 2022","0.9992","0.9994","0.9997","0.9990","23.07K","-0.02%"
"26 July 2022","0.9994","0.9987","1.0010","0.9977","64.22K","0.07%"
"25 July 2022","0.9987","0.9995","1.0004","0.9969","72.51K","-0.08%"
"24 July 2022","0.9995","0.9993","1.0002","0.9980","11.00K","0.02%"
"23 July 2022","0.9993","0.9991","1.0002","0.9980","19.58K","0.02%"
"22 July 2022","0.9991","0.9988","1.0003","0.9980","21.33K","0.03%"
"21 July 2022","0.9988","0.9998","1.0000","0.9974","47.08K","-0.10%"
"20 July 2022","0.9998","0.9989","1.0003","0.9983","32.11K","0.09%"
"19 July 2022","0.9989","1.0000","1.0009","0.9983","40.28K","-0.11%"
"18 July 2022","1.0000","0.9996","1.0009","0.9990","40.10K","0.04%"
"17 July 2022","0.9996","0.9998","1.0006","0.9986","23.29K","-0.02%"
"16 July 2022","0.9998","0.9997","1.0000","0.9990","23.19K","0.01%"
"15 July 2022","0.9997","1.0004","1.0009","0.9994","30.80K","-0.07%"
"14 July 2022","1.0004","1.0006","1.0010","0.9998","68.16K","-0.02%"
"13 July 2022","1.0006","1.0002","1.0022","0.9993","76.10K","0.04%"
"12 July 2022","1.0002","1.0019","1.0021","0.9996","47.67K","-0.17%"
"11 July 2022","1.0019","1.0003","1.0021","0.9999","22.77K","0.16%"
"10 July 2022","1.0003","1.0001","1.0007","0.9997","10.36K","0.02%"
"09 July 2022","1.0001","1.0000","1.0007","0.9997","30.85K","0.01%"
"08 July 2022","1.0000","1.0000","1.0010","0.9991","53.87K","0.00%"
"07 July 2022","1.0000","1.0002","1.0010","1.0000","43.41K","-0.02%"
"06 July 2022","1.0002","1.0001","1.0029","1.0001","81.74K","0.01%"
"05 July 2022","1.0001","1.0004","1.0034","1.0000","73.26K","-0.03%"
"04 July 2022","1.0004","1.0001","1.0009","0.9993","57.06K","0.03%"
"03 July 2022","1.0001","1.0002","1.0010","0.9993","63.03K","-0.01%"
"02 July 2022","1.0002","1.0000","1.0012","0.9995","26.77K","0.02%"
"01 July 2022","1.0000","1.0022","1.0042","0.9986","181.80K","-0.22%"
"30 June 2022","1.0022","1.0019","1.0027","1.0014","87.50K","0.03%"
"29 June 2022","1.0019","1.0016","1.0043","1.0014","74.70K","0.03%"
"28 June 2022","1.0016","1.0006","1.0018","0.9994","34.44K","0.10%"
"27 June 2022","1.0006","0.9998","1.0035","0.9990","79.45K","0.08%"
"26 June 2022","0.9998","0.9998","1.0016","0.9998","25.61K","0.00%"
"25 June 2022","0.9998","1.0001","1.0010","0.9992","26.29K","-0.03%"
"24 June 2022","1.0001","1.0004","1.0010","0.9998","15.22K","-0.03%"
"23 June 2022","1.0004","1.0010","1.0019","0.9994","27.22K","-0.06%"
"22 June 2022","1.0010","1.0001","1.0020","0.9985","98.92K","0.09%"
"21 June 2022","1.0001","0.9999","1.0044","0.9990","120.64K","0.02%"
"20 June 2022","0.9999","0.9999","1.0048","0.9998","32.19K","0.00%"
"19 June 2022","0.9999","0.9994","1.0073","0.9991","133.78K","0.05%"
"18 June 2022","0.9994","1.0000","1.0047","0.9991","81.68K","-0.06%"
"17 June 2022","1.0000","1.0004","1.0053","0.9999","55.80K","-0.04%"
"16 June 2022","1.0004","1.0004","1.0004","0.9992","25.47K","0.00%"
"15 June 2022","1.0004","1.0011","1.0079","0.9953","194.72K","-0.07%"
"14 June 2022","1.0011","1.0032","1.0064","0.9995","114.61K","-0.21%"
"13 June 2022","1.0032","0.9999","1.0050","0.9995","337.68K","0.33%"
"12 June 2022","0.9999","1.0010","1.0025","0.9996","43.74K","-0.11%"
"11 June 2022","1.0010","0.9994","1.0024","0.9994","54.95K","0.16%"
"10 June 2022","0.9994","1.0004","1.0017","0.9991","38.73K","-0.10%"
"09 June 2022","1.0004","1.0001","1.0007","1.0000","24.11K","0.03%"
"08 June 2022","1.0001","0.9991","1.0001","0.9989","22.94K","0.10%"
"07 June 2022","0.9991","0.9999","1.0019","0.9987","64.61K","-0.08%"
"06 June 2022","0.9999","1.0003","1.0025","0.9991","72.36K","-0.04%"
"05 June 2022","1.0003","1.0007","1.0021","0.9997","17.12K","-0.04%"
"04 June 2022","1.0007","0.9998","1.0022","0.9991","51.48K","0.09%"
"03 June 2022","0.9998","0.9998","1.0023","0.9994","40.69K","0.00%"
"02 June 2022","0.9998","1.0005","1.0016","0.9995","52.64K","-0.07%"
"01 June 2022","1.0005","1.0014","1.0016","0.9960","77.04K","-0.09%"
"31 May 2022","1.0014","1.0001","1.0025","0.9960","140.49K","0.13%"
"30 May 2022","1.0001","0.9995","1.0048","0.9980","65.32K","0.06%"
"29 May 2022","0.9995","0.9993","1.0004","0.9993","17.40K","0.02%"
"28 May 2022","0.9993","1.0005","1.0079","0.9988","40.01K","-0.12%"
"27 May 2022","1.0005","0.9997","1.0022","0.9981","125.43K","0.08%"
"26 May 2022","0.9997","1.0010","1.0022","0.9997","17.43K","-0.13%"
"25 May 2022","1.0010","1.0013","1.0047","0.9980","55.43K","-0.03%"
"24 May 2022","1.0013","0.9995","1.0031","0.9980","59.60K","0.18%"
"23 May 2022","0.9995","1.0012","1.0034","0.9992","205.40K","-0.17%"
"22 May 2022","1.0012","1.0010","1.0065","1.0010","25.87K","0.02%"
"21 May 2022","1.0010","1.0020","1.0032","1.0009","20.78K","-0.10%"
"20 May 2022","1.0020","1.0008","1.0029","1.0008","37.00K","0.12%"
"19 May 2022","1.0008","1.0009","1.0029","1.0008","71.92K","-0.01%"
"18 May 2022","1.0009","1.0005","1.0037","1.0003","55.20K","0.04%"
"17 May 2022","1.0005","0.9995","1.0013","0.9993","91.77K","0.10%"
"16 May 2022","0.9995","1.0000","1.0013","0.9984","55.88K","-0.05%"
"15 May 2022","1.0000","0.9998","1.0056","0.9996","66.56K","0.02%"
"14 May 2022","0.9998","1.0001","1.0010","0.9983","221.00K","-0.03%"
"13 May 2022","1.0001","1.0008","1.0048","0.9960","466.42K","-0.07%"
"12 May 2022","1.0008","1.0049","1.0844","0.9997","1.26M","-0.41%"
"11 May 2022","1.0049","1.0004","1.0050","0.9983","369.25K","0.45%"
"10 May 2022","1.0004","0.9986","1.0090","0.9977","178.39K","0.18%"
"09 May 2022","0.9986","0.9994","1.0010","0.9975","129.70K","-0.08%"
"08 May 2022","0.9994","0.9985","1.0012","0.9980","422.56K","0.09%"
"07 May 2022","0.9985","0.9988","0.9992","0.9973","62.01K","-0.03%"
"06 May 2022","0.9988","0.9980","0.9992","0.9977","47.07K","0.08%"
"05 May 2022","0.9980","0.9989","0.9992","0.9965","110.20K","-0.09%"
"04 May 2022","0.9989","0.9987","0.9992","0.9973","93.10K","0.02%"
"03 May 2022","0.9987","0.9986","0.9992","0.9975","59.83K","0.01%"
"02 May 2022","0.9986","0.9989","0.9992","0.9968","137.42K","-0.03%"
"01 May 2022","0.9989","0.9993","1.0002","0.9963","186.98K","-0.04%"
"30 Apr 2022","0.9993","0.9984","1.0028","0.9968","145.55K","0.08%"
"29 Apr 2022","0.9985","0.9989","1.0001","0.9965","86.98K","-0.04%"
"28 Apr 2022","0.9989","0.9979","1.0000","0.9957","66.39K","0.10%"
"27 Apr 2022","0.9979","0.9984","0.9999","0.9960","107.83K","-0.05%"
"26 Apr 2022","0.9984","0.9981","0.9997","0.9964","93.50K","0.03%"
"25 Apr 2022","0.9981","0.9976","1.0030","0.9946","148.46K","0.05%"
"24 Apr 2022","0.9976","0.9978","0.9992","0.9960","114.70K","-0.02%"
"23 Apr 2022","0.9978","0.9986","0.9992","0.9962","288.19K","-0.08%"
"22 Apr 2022","0.9986","0.9991","0.9999","0.9943","207.29K","-0.05%"
"21 Apr 2022","0.9991","0.9980","1.0002","0.9959","92.98K","0.11%"
"20 Apr 2022","0.9980","0.9984","0.9995","0.9965","127.13K","-0.04%"
"19 Apr 2022","0.9984","0.9989","0.9995","0.9929","200.48K","-0.05%"
"18 Apr 2022","0.9989","0.9974","1.0003","0.9951","199.33K","0.15%"
"17 Apr 2022","0.9974","0.9984","0.9995","0.9961","132.78K","-0.10%"
"16 Apr 2022","0.9984","0.9984","1.0001","0.9977","37.50K","-0.01%"
"15 Apr 2022","0.9985","1.0002","1.0002","0.9962","85.48K","-0.17%"
"14 Apr 2022","1.0002","0.9998","1.0002","0.9987","66.14K","0.04%"
"13 Apr 2022","0.9998","0.9992","1.0040","0.9981","76.01K","0.06%"
"12 Apr 2022","0.9992","0.9988","1.0011","0.9950","184.50K","0.04%"
"11 Apr 2022","0.9988","0.9998","1.0011","0.9960","168.84K","-0.10%"
"10 Apr 2022","0.9998","0.9989","1.0040","0.9960","215.72K","0.09%"
"09 Apr 2022","0.9989","0.9981","0.9995","0.9978","28.74K","0.08%"
"08 Apr 2022","0.9981","1.0001","1.0009","0.9975","61.98K","-0.19%"
"07 Apr 2022","1.0000","0.9986","1.0012","0.9975","95.99K","0.15%"
"06 Apr 2022","0.9985","0.9981","1.0019","0.9975","61.14K","0.04%"
"05 Apr 2022","0.9981","0.9998","1.0017","0.9961","110.30K","-0.17%"
"04 Apr 2022","0.9998","0.9986","1.0010","0.9980","36.22K","0.12%"
"03 Apr 2022","0.9986","0.9999","1.0012","0.9969","105.87K","-0.13%"
"02 Apr 2022","0.9999","0.9981","1.0017","0.9965","143.78K","0.18%"
"01 Apr 2022","0.9981","0.9989","1.0024","0.9964","122.10K","-0.08%"
"31 Mar 2022","0.9989","0.9997","1.0018","0.9968","103.51K","-0.08%"
"30 Mar 2022","0.9997","0.9996","1.0016","0.9964","95.38K","0.01%"
"29 Mar 2022","0.9996","0.9973","1.0005","0.9956","90.50K","0.23%"
"28 Mar 2022","0.9973","0.9980","1.0000","0.9921","202.33K","-0.12%"
"27 Mar 2022","0.9985","1.0008","1.0017","0.9981","60.38K","-0.23%"
"26 Mar 2022","1.0008","0.9989","1.0018","0.9970","111.14K","0.19%"
"25 Mar 2022","0.9989","0.9996","1.0041","0.9942","254.26K","-0.07%"
"24 Mar 2022","0.9996","0.9997","1.0013","0.9977","92.44K","-0.01%"
"23 Mar 2022","0.9997","0.9981","1.0015","0.9960","64.76K","0.16%"
"22 Mar 2022","0.9981","0.9986","1.0050","0.9955","149.09K","-0.05%"
"21 Mar 2022","0.9986","0.9992","0.9994","0.9956","55.89K","-0.06%"
"20 Mar 2022","0.9992","0.9987","0.9998","0.9985","42.14K","0.05%"
"19 Mar 2022","0.9987","0.9988","1.0000","0.9985","64.87K","-0.01%"
"18 Mar 2022","0.9988","1.0003","1.0004","0.9955","109.88K","-0.15%"
"17 Mar 2022","1.0003","0.9980","1.0004","0.9955","87.95K","0.23%"
"16 Mar 2022","0.9980","1.0007","1.0194","0.9960","312.48K","-0.27%"
"15 Mar 2022","1.0007","1.0003","1.0030","0.9962","170.84K","0.04%"
"14 Mar 2022","1.0003","1.0042","1.0146","1.0000","157.86K","-0.39%"
"13 Mar 2022","1.0042","1.0070","1.0125","1.0001","129.22K","-0.29%"
"12 Mar 2022","1.0071","1.0027","1.0116","1.0014","52.93K","0.44%"
"11 Mar 2022","1.0027","1.0026","1.0075","1.0000","62.48K","0.01%"
"10 Mar 2022","1.0026","1.0033","1.0034","1.0000","70.93K","-0.07%"
"09 Mar 2022","1.0033","1.0014","1.0048","0.9981","180.71K","0.19%"
"08 Mar 2022","1.0014","1.0020","1.0031","1.0000","123.62K","-0.06%"
"07 Mar 2022","1.0020","1.0001","1.0043","0.9980","153.51K","0.19%"
"06 Mar 2022","1.0001","0.9999","1.0021","0.9980","53.72K","0.02%"
"05 Mar 2022","0.9999","1.0014","1.0049","0.9981","136.24K","-0.15%"
"04 Mar 2022","1.0014","1.0008","1.0040","0.9972","164.47K","0.06%"
"03 Mar 2022","1.0008","0.9989","1.0017","0.9968","61.81K","0.19%"
"02 Mar 2022","0.9989","1.0002","1.0029","0.9964","77.37K","-0.13%"
"01 Mar 2022","1.0002","1.0005","1.0009","0.9941","130.75K","0.02%"
"28 Feb 2022","1.0000","1.0015","1.0024","0.9985","145.25K","-0.15%"
"27 Feb 2022","1.0015","0.9983","1.0020","0.9961","196.75K","0.32%"
"26 Feb 2022","0.9983","0.9995","1.0000","0.9970","24.67K","-0.12%"
"25 Feb 2022","0.9995","0.9981","1.0001","0.9961","37.38K","0.14%"
"24 Feb 2022","0.9981","1.0000","1.0016","0.9960","89.55K","-0.19%"
"23 Feb 2022","1.0000","0.9993","1.0016","0.9976","52.96K","0.07%"
"22 Feb 2022","0.9993","0.9991","0.9993","0.9955","56.30K","0.02%"
"21 Feb 2022","0.9991","0.9998","1.0002","0.9966","39.57K","-0.07%"
"20 Feb 2022","0.9998","0.9987","1.0002","0.9965","46.66K","0.11%"
"19 Feb 2022","0.9987","0.9990","0.9998","0.9977","30.30K","-0.03%"
"18 Feb 2022","0.9990","0.9983","1.0002","0.9957","47.28K","0.07%"
"17 Feb 2022","0.9983","0.9989","1.0002","0.9975","36.98K","-0.06%"
"16 Feb 2022","0.9989","0.9988","1.0007","0.9970","87.43K","0.01%"
"15 Feb 2022","0.9988","0.9995","1.0000","0.9972","24.02K","-0.07%"
"14 Feb 2022","0.9995","0.9987","1.0000","0.9959","62.85K","0.07%"
"13 Feb 2022","0.9988","0.9984","1.0001","0.9968","23.18K","0.04%"
"12 Feb 2022","0.9984","0.9978","1.0003","0.9956","31.58K","0.07%"
"11 Feb 2022","0.9977","0.9993","1.0007","0.9956","73.34K","-0.14%"
"10 Feb 2022","0.9991","0.9977","1.0008","0.9974","149.44K","0.14%"
"09 Feb 2022","0.9977","1.0005","1.0008","0.9956","56.97K","-0.28%"
"08 Feb 2022","1.0005","0.9984","1.0008","0.9966","155.06K","0.21%"
"07 Feb 2022","0.9984","0.9996","1.0007","0.9984","43.06K","-0.12%"
"06 Feb 2022","0.9996","1.0007","1.0029","0.9980","94.98K","-0.11%"
"05 Feb 2022","1.0007","0.9987","1.0030","0.9975","75.37K","0.20%"
"04 Feb 2022","0.9987","0.9997","1.0038","0.9960","133.64K","-0.10%"
"03 Feb 2022","0.9997","1.0003","1.0020","0.9975","43.02K","-0.06%"
"02 Feb 2022","1.0003","0.9994","1.0021","0.9971","90.63K","0.09%"
"01 Feb 2022","0.9994","0.9988","1.0029","0.9955","118.66K","0.06%"
"31 Jan 2022","0.9988","1.0001","1.0004","0.9948","112.15K","-0.13%"
"30 Jan 2022","1.0001","0.9979","1.0025","0.9966","39.33K","0.22%"
"29 Jan 2022","0.9979","1.0005","1.0019","0.9960","99.29K","-0.26%"
"28 Jan 2022","1.0005","1.0000","1.0014","0.9999","75.64K","0.05%"
"27 Jan 2022","1.0000","0.9982","1.0015","0.9960","101.97K","0.18%"
"26 Jan 2022","0.9982","0.9987","1.0020","0.9950","343.25K","-0.11%"
"25 Jan 2022","0.9993","0.9977","1.0017","0.9960","82.20K","0.16%"
"24 Jan 2022","0.9977","0.9985","1.0057","0.9970","128.27K","-0.08%"
"23 Jan 2022","0.9985","1.0005","1.0028","0.9955","89.51K","-0.20%"
"22 Jan 2022","1.0005","1.0004","1.0028","0.9967","81.39K","0.05%"
"21 Jan 2022","1.0000","1.0011","1.0015","0.9952","118.47K","-0.11%"
"20 Jan 2022","1.0011","0.9993","1.0066","0.9952","106.67K","0.18%"
"19 Jan 2022","0.9993","0.9979","1.0026","0.9956","110.41K","0.12%"
"18 Jan 2022","0.9981","1.0001","1.0039","0.9965","107.35K","-0.20%"
"17 Jan 2022","1.0001","0.9983","1.0003","0.9947","121.17K","0.18%"
"16 Jan 2022","0.9983","0.9997","1.0019","0.9939","93.79K","-0.14%"
"15 Jan 2022","0.9997","0.9995","1.0014","0.9956","72.65K","0.03%"
"14 Jan 2022","0.9994","0.9990","0.9999","0.9967","47.55K","0.04%"
"13 Jan 2022","0.9990","0.9997","1.0014","0.9973","68.86K","-0.07%"
"12 Jan 2022","0.9997","0.9984","1.0017","0.9967","39.19K","0.13%"
"11 Jan 2022","0.9984","0.9988","1.0020","0.9965","67.07K","-0.04%"
"10 Jan 2022","0.9988","1.0000","1.0023","0.9966","80.25K","-0.12%"
"09 Jan 2022","1.0000","0.9997","1.0025","0.9979","55.51K","0.03%"
"08 Jan 2022","0.9997","0.9995","1.0029","0.9973","89.34K","0.02%"
"07 Jan 2022","0.9995","1.0001","1.0016","0.9966","73.10K","-0.06%"
"06 Jan 2022","1.0001","0.9974","1.0028","0.9965","86.72K","0.27%"
"05 Jan 2022","0.9974","0.9988","1.0013","0.9961","141.90K","-0.14%"
"04 Jan 2022","0.9988","0.9996","1.0025","0.9960","75.32K","-0.08%"
"03 Jan 2022","0.9996","1.0001","1.0023","0.9969","84.39K","-0.05%"
"02 Jan 2022","1.0001","0.9998","1.0002","0.9964","42.92K","0.03%"
"01 Jan 2022","0.9998","0.9999","1.0018","0.9965","39.62K","-0.01%"
"31 Dec 2021","0.9999","0.9988","1.0018","0.9964","60.74K","0.11%"
"30 Dec 2021","0.9988","0.9972","1.0082","0.9960","246.02K","0.16%"
"29 Dec 2021","0.9972","0.9987","1.0013","0.9958","72.36K","-0.15%"
"28 Dec 2021","0.9987","0.9996","1.0010","0.9965","43.04K","-0.09%"
"27 Dec 2021","0.9996","0.9980","1.0012","0.9965","31.16K","0.16%"
"26 Dec 2021","0.9980","1.0000","1.0020","0.9958","57.33K","-0.20%"
"25 Dec 2021","1.0000","0.9984","1.0004","0.9966","57.85K","0.16%"
"24 Dec 2021","0.9984","1.0010","1.0010","0.9973","57.48K","-0.26%"
"23 Dec 2021","1.0010","1.0006","1.0025","0.9973","102.56K","0.04%"
"22 Dec 2021","1.0006","0.9989","1.0043","0.9972","96.34K","0.17%"
"21 Dec 2021","0.9989","0.9999","1.0010","0.9972","60.23K","-0.10%"
"20 Dec 2021","0.9999","0.9986","1.0057","0.9971","99.03K","0.14%"
"19 Dec 2021","0.9985","1.0020","1.0111","0.9976","292.63K","-0.35%"
"18 Dec 2021","1.0020","1.0018","1.0048","1.0018","117.89K","0.02%"
"17 Dec 2021","1.0018","1.0023","1.0026","0.9960","207.66K","-0.05%"
"16 Dec 2021","1.0023","0.9997","1.0049","0.9961","206.34K","0.26%"
"15 Dec 2021","0.9997","1.0027","1.0049","0.9966","154.40K","-0.30%"
"14 Dec 2021","1.0027","1.0008","1.0073","0.9961","583.86K","0.19%"
"13 Dec 2021","1.0008","0.9950","1.0199","0.9950","1.18M","0.58%"
"12 Dec 2021","0.9950","0.9998","1.0020","0.9950","152.25K","-0.48%"
"11 Dec 2021","0.9998","0.9954","1.0019","0.9916","196.52K","0.42%"
"10 Dec 2021","0.9956","0.9955","0.9999","0.9916","106.55K","0.01%"
"09 Dec 2021","0.9955","0.9994","1.0011","0.9932","164.23K","-0.39%"
"08 Dec 2021","0.9994","0.9971","1.0006","0.9950","145.63K","0.23%"
"07 Dec 2021","0.9971","0.9971","1.0011","0.9949","85.06K","0.00%"
"06 Dec 2021","0.9971","0.9928","1.0040","0.9878","184.68K","0.43%"
"05 Dec 2021","0.9928","0.9927","0.9990","0.9800","187.56K","0.01%"
"04 Dec 2021","0.9927","0.9964","1.0002","0.9888","252.72K","-0.37%"
"03 Dec 2021","0.9964","0.9964","1.0025","0.9955","90.80K","0.00%"
"02 Dec 2021","0.9964","1.0005","1.0027","0.9955","103.99K","-0.41%"
"01 Dec 2021","1.0005","0.9952","1.0025","0.9921","148.90K","0.53%"
"30 Nov 2021","0.9952","0.9975","1.0011","0.9889","150.82K","-0.23%"
"29 Nov 2021","0.9975","0.9954","1.0030","0.9940","328.34K","0.22%"
"28 Nov 2021","0.9953","0.9967","1.0030","0.9910","172.20K","-0.17%"
"27 Nov 2021","0.9970","1.0001","1.0023","0.9909","140.39K","-0.31%"
"26 Nov 2021","1.0001","0.9982","1.0023","0.9934","130.69K","0.19%"
"25 Nov 2021","0.9982","0.9987","1.0016","0.9937","140.38K","-0.05%"
"24 Nov 2021","0.9987","0.9913","1.0060","0.9909","222.25K","0.75%"
"23 Nov 2021","0.9913","0.9974","1.0017","0.9913","127.26K","-0.61%"
"22 Nov 2021","0.9974","0.9982","1.0060","0.9958","187.59K","-0.08%"
"21 Nov 2021","0.9982","0.9967","1.0011","0.9910","134.64K","0.17%"
"20 Nov 2021","0.9965","0.9963","1.0011","0.9910","98.49K","0.02%"
"19 Nov 2021","0.9963","0.9973","1.0001","0.9910","132.93K","-0.16%"
"18 Nov 2021","0.9979","0.9986","1.0000","0.9928","178.99K","-0.12%"
"17 Nov 2021","0.9991","0.9972","1.0000","0.9955","106.17K","0.12%"
"16 Nov 2021","0.9979","0.9991","1.0001","0.9970","127.09K","-0.12%"
"15 Nov 2021","0.9991","1.0014","1.0078","0.9976","102.89K","-0.23%"
"14 Nov 2021","1.0014","0.9981","1.0055","0.9955","236.10K","0.33%"
"13 Nov 2021","0.9981","1.0000","1.0000","0.9946","137.27K","-0.19%"
"12 Nov 2021","1.0000","0.9994","1.0010","0.9950","109.20K","0.06%"
"11 Nov 2021","0.9994","1.0016","1.0048","0.9953","133.78K","-0.22%"
"10 Nov 2021","1.0016","0.9990","1.0060","0.9950","266.01K","0.26%"
"09 Nov 2021","0.9990","1.0015","1.0461","0.9950","371.34K","-0.25%"
"08 Nov 2021","1.0015","0.9996","1.0064","0.9975","145.62K","0.19%"
"07 Nov 2021","0.9996","0.9984","1.0048","0.9945","164.24K","0.12%"
"06 Nov 2021","0.9984","0.9972","1.0020","0.9939","201.90K","0.12%"
"05 Nov 2021","0.9972","0.9979","1.0015","0.9940","99.22K","-0.07%"
"04 Nov 2021","0.9979","0.9994","1.0007","0.9939","81.31K","-0.15%"
"03 Nov 2021","0.9994","0.9967","1.0003","0.9939","103.55K","0.27%"
"02 Nov 2021","0.9967","0.9973","1.0008","0.9944","120.47K","-0.06%"
"01 Nov 2021","0.9973","0.9973","1.0003","0.9947","82.18K","0.00%"
"31 Oct 2021","0.9973","0.9985","1.0016","0.9947","42.85K","-0.12%"
"30 Oct 2021","0.9985","0.9993","1.0030","0.9946","80.34K","-0.13%"
"29 Oct 2021","0.9998","0.9982","1.0078","0.9946","157.68K","0.16%"
"28 Oct 2021","0.9982","0.9974","1.0077","0.9939","180.23K","0.08%"
"27 Oct 2021","0.9974","0.9956","0.9996","0.9939","164.75K","0.18%"
"26 Oct 2021","0.9956","0.9971","0.9992","0.9940","93.23K","-0.15%"
"25 Oct 2021","0.9971","0.9982","1.0005","0.9946","80.84K","-0.11%"
"24 Oct 2021","0.9982","0.9995","1.0019","0.9951","62.19K","-0.13%"
"23 Oct 2021","0.9995","0.9980","1.0017","0.9947","58.95K","0.15%"
"22 Oct 2021","0.9980","0.9984","1.0039","0.9946","101.92K","-0.04%"
"21 Oct 2021","0.9984","0.9967","1.0005","0.9947","43.66K","0.17%"
"20 Oct 2021","0.9967","0.9968","1.0018","0.9953","47.45K","-0.01%"
"19 Oct 2021","0.9968","0.9969","1.0020","0.9966","21.79K","-0.01%"
"18 Oct 2021","0.9969","1.0026","1.0136","0.9950","186.65K","-0.57%"
"17 Oct 2021","1.0026","1.0031","1.0031","0.9970","20.81K","-0.05%"
"16 Oct 2021","1.0031","0.9963","1.0051","0.9946","75.30K","0.68%"
"15 Oct 2021","0.9963","0.9995","1.0007","0.9938","136.33K","-0.32%"
"14 Oct 2021","0.9995","0.9986","1.0016","0.9945","46.59K","0.09%"
"13 Oct 2021","0.9986","0.9998","1.0010","0.9945","125.56K","-0.12%"
"12 Oct 2021","0.9998","0.9957","1.0010","0.9946","83.58K","0.43%"
"11 Oct 2021","0.9955","0.9994","1.0033","0.9955","40.74K","-0.39%"
"10 Oct 2021","0.9994","0.9971","1.0042","0.9935","138.52K","0.23%"
"09 Oct 2021","0.9971","0.9965","1.0011","0.9888","284.38K","0.06%"
"08 Oct 2021","0.9965","0.9972","1.0005","0.9936","127.34K","-0.07%"
"07 Oct 2021","0.9972","0.9950","0.9990","0.9950","23.32K","0.22%"
"06 Oct 2021","0.9950","1.0000","1.0000","0.9938","65.23K","-0.50%"
"05 Oct 2021","1.0000","1.0000","1.0020","0.9925","219.63K","0.00%"
"04 Oct 2021","1.0000","0.9970","1.0010","0.9937","52.52K","0.30%"
"03 Oct 2021","0.9970","0.9944","1.0020","0.9939","31.48K","0.26%"
"02 Oct 2021","0.9944","0.9987","1.0000","0.9937","84.56K","-0.43%"
"01 Oct 2021","0.9987","0.9996","1.0000","0.9952","50.97K","-0.09%"
"30 Sept 2021","0.9996","0.9953","1.0000","0.9952","58.20K","0.43%"
"29 Sept 2021","0.9953","0.9962","1.0050","0.9953","57.25K","-0.09%"
"28 Sept 2021","0.9962","0.9963","1.0005","0.9953","42.11K","-0.01%"
"27 Sept 2021","0.9963","1.0004","1.0022","0.9963","22.06K","-0.41%"
"26 Sept 2021","1.0004","0.9955","1.0026","0.9953","48.92K","0.49%"
"25 Sept 2021","0.9955","1.0007","1.0030","0.9952","46.16K","-0.52%"
"24 Sept 2021","1.0007","0.9952","1.0026","0.9952","67.34K","0.55%"
"23 Sept 2021","0.9952","0.9943","1.0029","0.9943","54.97K","0.09%"
"22 Sept 2021","0.9943","0.9990","1.0011","0.9943","216.62K","-0.47%"
"21 Sept 2021","0.9990","0.9980","1.0010","0.9949","211.62K","0.10%"
"20 Sept 2021","0.9980","0.9990","1.0009","0.9941","143.42K","-0.10%"
"19 Sept 2021","0.9990","0.9989","1.0000","0.9961","58.81K","0.01%"
"18 Sept 2021","0.9989","0.9962","1.0000","0.9962","9.25K","0.27%"
"17 Sept 2021","0.9962","0.9980","1.0000","0.9957","15.60K","-0.18%"
"16 Sept 2021","0.9980","0.9990","1.0010","0.9938","95.94K","-0.10%"
"15 Sept 2021","0.9990","1.0000","1.0010","0.9970","45.27K","-0.10%"
"14 Sept 2021","1.0000","0.9977","1.0012","0.9963","38.21K","0.23%"
"13 Sept 2021","0.9977","1.0000","1.0011","0.9938","67.04K","-0.23%"
"12 Sept 2021","1.0000","0.9978","1.0010","0.9936","20.55K","0.22%"
"11 Sept 2021","0.9978","0.9959","1.0010","0.9932","102.15K","0.19%"
"10 Sept 2021","0.9959","0.9950","0.9996","0.9944","37.77K","0.09%"
"09 Sept 2021","0.9950","0.9961","1.0005","0.9936","60.51K","-0.11%"
"08 Sept 2021","0.9961","0.9941","0.9982","0.9935","46.42K","0.20%"
"07 Sept 2021","0.9941","1.0001","1.0017","0.9941","107.45K","-0.60%"
"06 Sept 2021","1.0001","0.9948","1.0012","0.9948","16.92K","0.53%"
"05 Sept 2021","0.9948","0.9988","1.0002","0.9943","40.50K","-0.40%"
"04 Sept 2021","0.9988","0.9983","1.0028","0.9942","47.41K","0.05%"
"03 Sept 2021","0.9983","1.0004","1.0016","0.9948","28.17K","-0.21%"
"02 Sept 2021","1.0004","0.9994","1.0017","0.9966","18.53K","0.10%"
"01 Sept 2021","0.9994","0.9986","1.0017","0.9955","48.50K","0.08%"
"31 Aug 2021","0.9986","0.9988","1.0017","0.9955","32.79K","-0.02%"
"30 Aug 2021","0.9988","0.9997","1.0017","0.9926","62.13K","-0.09%"
"29 Aug 2021","0.9997","0.9980","1.0017","0.9948","51.95K","0.16%"
"28 Aug 2021","0.9981","0.9988","1.0010","0.9955","27.87K","-0.07%"
"27 Aug 2021","0.9988","0.9985","1.0010","0.9928","23.98K","0.03%"
"26 Aug 2021","0.9985","0.9991","1.0037","0.9972","84.02K","-0.06%"
"25 Aug 2021","0.9991","0.9992","1.0017","0.9966","33.09K","-0.01%"
"24 Aug 2021","0.9992","0.9997","1.0018","0.9970","30.21K","-0.06%"
"23 Aug 2021","0.9998","0.9985","1.0017","0.9950","77.87K","0.13%"
"22 Aug 2021","0.9985","0.9994","1.0002","0.9962","49.21K","-0.09%"
"21 Aug 2021","0.9994","0.9993","1.0020","0.9962","14.90K","0.01%"
"20 Aug 2021","0.9993","1.0003","1.0014","0.9961","16.48K","-0.06%"
"19 Aug 2021","0.9999","0.9990","1.0014","0.9976","16.85K","0.08%"
"18 Aug 2021","0.9991","0.9973","1.0040","0.9944","106.14K","0.18%"
"17 Aug 2021","0.9973","0.9992","1.0019","0.9933","34.49K","-0.19%"
"16 Aug 2021","0.9992","0.9982","1.0012","0.9966","34.85K","0.10%"
"15 Aug 2021","0.9982","0.9980","1.0020","0.9900","122.58K","0.02%"
"14 Aug 2021","0.9980","1.0010","1.0020","0.9978","28.90K","-0.22%"
"13 Aug 2021","1.0002","1.0000","1.0020","0.9980","29.54K","0.13%"
"12 Aug 2021","0.9989","0.9989","1.0000","0.9962","47.54K","0.06%"
"11 Aug 2021","0.9983","1.0006","1.0016","0.9968","34.61K","-0.26%"
"10 Aug 2021","1.0009","1.0000","1.0020","0.9960","31.66K","0.20%"
"09 Aug 2021","0.9989","1.0024","1.0035","0.9926","47.73K","-0.35%"
"08 Aug 2021","1.0024","0.9992","1.0036","0.9972","68.73K","0.32%"
"07 Aug 2021","0.9992","0.9995","1.0015","0.9973","107.85K","-0.03%"
"06 Aug 2021","0.9995","1.0023","1.0025","0.9986","26.18K","-0.18%"
"05 Aug 2021","1.0013","1.0022","1.0023","0.9999","20.95K","-0.09%"
"04 Aug 2021","1.0022","1.0010","1.0023","0.9972","59.24K","0.11%"
"03 Aug 2021","1.0011","1.0022","1.0023","0.9993","19.69K","-0.12%"
"02 Aug 2021","1.0023","1.0019","1.0030","0.9990","61.34K","0.04%"
"01 Aug 2021","1.0019","1.0015","1.0020","0.9996","17.87K","0.04%"
"31 July 2021","1.0015","1.0010","1.0020","0.9900","214.25K","0.06%"
"30 July 2021","1.0009","1.0007","1.0025","0.9972","34.84K","0.02%"
"29 July 2021","1.0007","1.0024","1.0025","0.9997","21.53K","-0.09%"
"28 July 2021","1.0016","1.0002","1.0023","0.9980","24.62K","0.21%"
"27 July 2021","0.9995","0.9995","1.0008","0.9970","82.83K","0.00%"
"26 July 2021","0.9995","0.9989","1.0020","0.9950","151.36K","0.00%"
"25 July 2021","0.9995","0.9988","1.0015","0.9968","39.30K","0.10%"
"24 July 2021","0.9985","0.9981","1.0003","0.9974","156.25K","-0.01%"
"23 July 2021","0.9986","0.9984","1.0003","0.9978","41.20K","-0.07%"
"22 July 2021","0.9993","0.9984","1.0018","0.9976","26.31K","-0.08%"
"21 July 2021","1.0001","0.9974","1.0025","0.9974","57.17K","0.14%"
"20 July 2021","0.9987","1.0004","1.0014","0.9970","72.67K","-0.17%"
"19 July 2021","1.0004","1.0003","1.0015","0.9979","29.01K","-0.05%"
"18 July 2021","1.0009","0.9974","1.0054","0.9968","90.83K","0.18%"
"17 July 2021","0.9991","0.9988","1.0010","0.9969","33.65K","0.03%"
"16 July 2021","0.9988","0.9982","1.0004","0.9970","182.25K","-0.06%"
"15 July 2021","0.9994","0.9974","1.0004","0.9970","45.86K","0.04%"
"14 July 2021","0.9990","0.9992","1.0029","0.9970","41.94K","-0.12%"
"13 July 2021","1.0002","0.9992","1.0018","0.9987","35.64K","0.10%"
"12 July 2021","0.9992","1.0006","1.0023","0.9959","55.54K","-0.14%"
"11 July 2021","1.0006","0.9999","1.0018","0.9946","58.88K","0.07%"
"10 July 2021","0.9999","0.9998","1.0002","0.9998","36.51K","-0.01%"
"09 July 2021","1.0000","0.9974","1.0003","0.9969","31.95K","0.21%"
"08 July 2021","0.9979","0.9983","1.0004","0.9963","31.17K","-0.02%"
"07 July 2021","0.9981","0.9992","0.9997","0.9963","617.28K","-0.08%"
"06 July 2021","0.9989","1.0008","1.0008","0.9979","20.07K","-0.19%"
"05 July 2021","1.0008","1.0000","1.0013","0.9991","28.44K","0.08%"
"04 July 2021","1.0000","0.9979","1.0000","0.9979","47.87K","0.22%"
"03 July 2021","0.9978","0.9982","1.0006","0.9978","42.22K","-0.04%"
"02 July 2021","0.9982","1.0001","1.0001","0.9982","77.81K","-0.20%"
"01 July 2021","1.0002","1.0001","1.0004","0.9995","19.57K","0.01%"
"30 June 2021","1.0001","0.9985","1.0001","0.9985","18.83K","0.16%"
"29 June 2021","0.9985","0.9995","0.9995","0.9978","63.96K","-0.10%"
"28 June 2021","0.9995","0.9985","1.0006","0.9985","28.93K","0.10%"
"27 June 2021","0.9985","0.9982","0.9999","0.9982","30.44K","0.04%"
"26 June 2021","0.9981","0.9982","0.9985","0.9978","49.86K","-0.01%"
"25 June 2021","0.9982","0.9977","0.9996","0.9977","47.18K","0.05%"
"24 June 2021","0.9977","0.9996","1.0009","0.9977","37.03K","-0.19%"
"23 June 2021","0.9996","0.9982","0.9999","0.9975","29.67K","0.14%"
"22 June 2021","0.9982","1.0012","1.0046","0.9982","722.37K","-0.30%"
"21 June 2021","1.0012","0.9998","1.0020","0.9998","37.70K","0.14%"
"20 June 2021","0.9998","0.9992","1.0005","0.9992","26.19K","0.06%"
"19 June 2021","0.9992","0.9995","1.0000","0.9979","18.82K","-0.01%"
"18 June 2021","0.9993","0.9995","1.0004","0.9984","65.68K","-0.02%"
"17 June 2021","0.9995","1.0000","1.0014","0.9995","39.65K","-0.05%"
"16 June 2021","1.0000","0.9997","1.0008","0.9991","63.35K","0.06%"
"15 June 2021","0.9994","0.9989","1.0012","0.9980","104.81K","0.05%"
"14 June 2021","0.9989","1.0015","1.0015","0.9989","17.64K","-0.26%"
"13 June 2021","1.0015","0.9995","1.0018","0.9995","101.68K","0.20%"
"12 June 2021","0.9995","0.9992","0.9995","0.9978","31.86K","0.03%"
"11 June 2021","0.9992","0.9950","1.0004","0.9950","66.54K","0.42%"
"10 June 2021","0.9950","0.9990","0.9990","0.9950","43.58K","-0.39%"
"09 June 2021","0.9989","0.9968","0.9990","0.9968","33.27K","0.21%"
"08 June 2021","0.9968","0.9977","1.0014","0.9968","26.38K","-0.09%"
"07 June 2021","0.9977","1.0002","1.0019","0.9977","123.61K","-0.25%"
"06 June 2021","1.0002","0.9999","1.0003","0.9999","20.06K","0.03%"
"05 June 2021","0.9999","0.9999","1.0000","0.9999","11.88K","0.00%"
"04 June 2021","0.9999","0.9993","0.9999","0.9974","29.87K","0.06%"
"03 June 2021","0.9993","0.9996","1.0003","0.9979","98.57K","-0.02%"
"02 June 2021","0.9995","0.9987","1.0010","0.9987","20.31K","0.08%"
"01 June 2021","0.9987","1.0001","1.0001","0.9977","20.18K","-0.14%"
"31 May 2021","1.0001","0.9966","1.0001","0.9961","27.47K","0.40%"
"30 May 2021","0.9961","0.9986","0.9986","0.9961","28.17K","-0.19%"
"29 May 2021","0.9980","0.9979","0.9982","0.9968","38.49K","0.01%"
"28 May 2021","0.9979","0.9988","0.9988","0.9973","41.46K","-0.04%"
"27 May 2021","0.9983","1.0007","1.0007","0.9971","21.28K","-0.28%"
"26 May 2021","1.0011","0.9981","1.0011","0.9959","36.42K","0.30%"
"25 May 2021","0.9981","0.9976","0.9994","0.9976","38.70K","0.04%"
"24 May 2021","0.9977","0.9977","0.9998","0.9960","30.91K","0.00%"
"23 May 2021","0.9977","1.0005","1.0041","0.9977","94.26K","-0.28%"
"22 May 2021","1.0005","0.9979","1.0017","0.9979","47.72K","0.18%"
"21 May 2021","0.9987","0.9966","0.9995","0.9965","68.27K","0.21%"
"20 May 2021","0.9966","1.0000","1.0010","0.9966","136.50K","-0.33%"
"19 May 2021","0.9999","0.9960","0.9999","0.9951","227.33K","0.39%"
"18 May 2021","0.9960","0.9975","1.0028","0.9960","81.25K","-0.15%"
"17 May 2021","0.9975","0.9982","0.9995","0.9975","59.33K","-0.07%"
"16 May 2021","0.9982","0.9982","1.0025","0.9976","146.30K","0.02%"
"15 May 2021","0.9980","0.9974","0.9991","0.9974","32.07K","0.06%"
"14 May 2021","0.9974","0.9932","0.9974","0.9918","216.51K","0.42%"
"13 May 2021","0.9932","0.9974","0.9976","0.9911","126.17K","-0.42%"
"12 May 2021","0.9974","0.9973","0.9994","0.9955","25.93K","0.01%"
"11 May 2021","0.9973","0.9943","1.0002","0.9943","104.85K","0.28%"
"10 May 2021","0.9945","0.9976","0.9981","0.9945","95.98K","-0.31%"
"09 May 2021","0.9976","0.9969","0.9984","0.9964","60.45K","0.07%"
"08 May 2021","0.9969","0.9971","0.9986","0.9968","41.30K","-0.01%"
"07 May 2021","0.9970","0.9981","0.9998","0.9970","46.12K","-0.11%"
"06 May 2021","0.9981","1.0008","1.0032","0.9972","74.18K","-0.27%"
"05 May 2021","1.0008","0.9999","1.0008","0.9999","32.65K","0.09%"
"04 May 2021","0.9999","0.9987","1.0005","0.9987","88.14K","0.12%"
"03 May 2021","0.9987","0.9976","1.0006","0.9968","73.37K","0.11%"
"02 May 2021","0.9976","0.9944","0.9995","0.9938","24.33K","0.32%"
"01 May 2021","0.9944","0.9946","0.9982","0.9944","24.22K","-0.02%"
"30 Apr 2021","0.9946","0.9958","0.9974","0.9941","30.42K","-0.12%"
"29 Apr 2021","0.9958","0.9953","0.9958","0.9938","57.86K","0.05%"
"28 Apr 2021","0.9953","0.9969","0.9969","0.9941","117.19K","-0.16%"
"27 Apr 2021","0.9969","0.9994","0.9994","0.9930","62.92K","-0.24%"
"26 Apr 2021","0.9993","0.9970","0.9994","0.9967","35.20K","0.23%"
"25 Apr 2021","0.9970","0.9963","1.0028","0.9963","159.46K","0.07%"
"24 Apr 2021","0.9963","0.9931","0.9963","0.9924","35.07K","0.33%"
"23 Apr 2021","0.9930","0.9952","0.9952","0.9918","116.56K","-0.22%"
"22 Apr 2021","0.9952","0.9962","0.9988","0.9908","57.35K","-0.10%"
"21 Apr 2021","0.9962","0.9949","0.9976","0.9944","51.54K","0.12%"
"20 Apr 2021","0.9950","0.9926","0.9976","0.9926","61.88K","0.24%"
"19 Apr 2021","0.9926","1.0000","1.0000","0.9924","46.18K","-0.74%"
"18 Apr 2021","1.0000","0.9961","1.0000","0.9953","100.23K","0.39%"
"17 Apr 2021","0.9961","0.9943","1.0000","0.9931","42.51K","0.18%"
"16 Apr 2021","0.9943","1.0003","1.0003","0.9943","43.32K","-0.60%"
"15 Apr 2021","1.0003","0.9953","1.0019","0.9953","33.26K","0.38%"
"14 Apr 2021","0.9965","0.9999","0.9999","0.9950","72.94K","-0.34%"
"13 Apr 2021","0.9999","0.9982","1.0001","0.9957","47.21K","0.17%"
"12 Apr 2021","0.9982","1.0002","1.0002","0.9979","42.46K","-0.24%"
"11 Apr 2021","1.0006","1.0009","1.0032","0.9992","51.75K","-0.03%"
"10 Apr 2021","1.0009","0.9979","1.0046","0.9979","46.88K","0.30%"
"09 Apr 2021","0.9979","0.9971","1.0022","0.9971","46.75K","0.08%"
"08 Apr 2021","0.9971","0.9973","0.9997","0.9971","45.33K","-0.03%"
"07 Apr 2021","0.9974","0.9942","0.9974","0.9942","81.57K","0.32%"
"06 Apr 2021","0.9942","0.9991","0.9994","0.9933","73.99K","-0.52%"
"05 Apr 2021","0.9994","0.9963","1.0000","0.9963","83.50K","0.31%"
"04 Apr 2021","0.9963","0.9941","0.9963","0.9941","29.40K","0.22%"
"03 Apr 2021","0.9941","0.9975","0.9975","0.9941","51.15K","-0.34%"
"02 Apr 2021","0.9975","1.0007","1.0007","0.9961","46.73K","-0.32%"
"01 Apr 2021","1.0007","0.9977","1.0007","0.9925","65.22K","0.29%"
"31 Mar 2021","0.9978","0.9996","1.0020","0.9972","55.38K","-0.18%"
"30 Mar 2021","0.9996","1.0012","1.0024","0.9995","109.92K","-0.16%"
"29 Mar 2021","1.0012","1.0007","1.0013","0.9991","29.42K","0.05%"
"28 Mar 2021","1.0007","1.0009","1.0015","0.9967","24.36K","-0.03%"
"27 Mar 2021","1.0010","0.9974","1.0010","0.9968","34.15K","0.36%"
"26 Mar 2021","0.9974","1.0018","1.0018","0.9967","31.02K","-0.44%"
"25 Mar 2021","1.0018","1.0014","1.0018","0.9981","48.08K","0.04%"
"24 Mar 2021","1.0014","1.0015","1.0015","1.0010","30.13K","-0.01%"
"23 Mar 2021","1.0015","0.9963","1.0017","0.9963","25.25K","0.52%"
"22 Mar 2021","0.9963","0.9981","1.0031","0.9963","72.48K","-0.18%"
"21 Mar 2021","0.9981","0.9988","0.9999","0.9972","34.44K","-0.05%"
"20 Mar 2021","0.9986","0.9982","0.9987","0.9981","52.39K","0.04%"
"19 Mar 2021","0.9982","1.0010","1.0010","0.9970","26.32K","-0.28%"
"18 Mar 2021","1.0010","1.0018","1.0018","0.9990","57.59K","-0.09%"
"17 Mar 2021","1.0019","1.0061","1.0061","0.9992","43.10K","-0.42%"
"16 Mar 2021","1.0061","1.0023","1.0068","0.9995","41.13K","0.38%"
"15 Mar 2021","1.0023","1.0018","1.0032","1.0010","52.76K","0.05%"
"14 Mar 2021","1.0018","1.0005","1.0025","0.9999","26.04K","0.13%"
"13 Mar 2021","1.0005","0.9984","1.0034","0.9978","36.41K","0.21%"
"12 Mar 2021","0.9984","1.0004","1.0004","0.9981","60.28K","-0.21%"
"11 Mar 2021","1.0005","0.9988","1.0009","0.9982","41.27K","0.17%"
"10 Mar 2021","0.9988","0.9983","0.9999","0.9979","63.61K","0.07%"
"09 Mar 2021","0.9981","0.9984","0.9999","0.9978","43.06K","-0.03%"
"08 Mar 2021","0.9984","0.9982","0.9993","0.9968","28.15K","-0.03%"
"07 Mar 2021","0.9987","1.0001","1.0022","0.9984","26.36K","-0.17%"
"06 Mar 2021","1.0004","0.9969","1.0004","0.9968","37.88K","0.35%"
"05 Mar 2021","0.9969","0.9975","1.0006","0.9958","34.29K","-0.06%"
"04 Mar 2021","0.9975","0.9992","0.9992","0.9942","56.47K","-0.17%"
"03 Mar 2021","0.9992","0.9926","1.0002","0.9926","76.91K","0.66%"
"02 Mar 2021","0.9926","0.9969","0.9977","0.9926","50.91K","-0.43%"
"01 Mar 2021","0.9969","0.9944","0.9978","0.9929","45.41K","0.22%"
"28 Feb 2021","0.9947","0.9963","0.9990","0.9947","55.77K","-0.18%"
"27 Feb 2021","0.9965","0.9961","0.9965","0.9916","80.06K","0.04%"
"26 Feb 2021","0.9961","0.9963","0.9991","0.9928","69.91K","-0.02%"
"25 Feb 2021","0.9963","0.9974","0.9982","0.9930","111.52K","-0.11%"
"24 Feb 2021","0.9974","0.9928","0.9991","0.9928","70.53K","0.46%"
"23 Feb 2021","0.9928","0.9983","1.0022","0.9928","55.40K","-0.53%"
"22 Feb 2021","0.9981","1.0015","1.0015","0.9907","38.06K","-0.32%"
"21 Feb 2021","1.0013","0.9965","1.0042","0.9927","65.02K","0.48%"
"20 Feb 2021","0.9965","0.9995","0.9995","0.9951","50.95K","-0.30%"
"19 Feb 2021","0.9995","0.9975","1.0006","0.9942","35.28K","0.20%"
"18 Feb 2021","0.9975","0.9994","1.0011","0.9975","34.62K","-0.21%"
"17 Feb 2021","0.9996","0.9982","1.0032","0.9971","40.33K","0.14%"
"16 Feb 2021","0.9982","0.9990","1.0011","0.9961","51.92K","-0.08%"
"15 Feb 2021","0.9990","0.9986","1.0011","0.9983","33.12K","0.04%"
"14 Feb 2021","0.9986","0.9995","1.0006","0.9986","47.97K","-0.09%"
"13 Feb 2021","0.9995","0.9997","1.0004","0.9993","60.23K","-0.02%"
"12 Feb 2021","0.9997","1.0001","1.0008","0.9995","31.50K","-0.04%"
"11 Feb 2021","1.0001","0.9947","1.0022","0.9937","24.77K","0.54%"
"10 Feb 2021","0.9947","0.9950","0.9999","0.9926","82.31K","-0.03%"
"09 Feb 2021","0.9950","0.9972","0.9987","0.9934","52.04K","-0.22%"
"08 Feb 2021","0.9972","0.9972","1.0000","0.9959","67.13K","0.00%"
"07 Feb 2021","0.9972","0.9924","0.9984","0.9924","27.99K","0.48%"
"06 Feb 2021","0.9924","1.0020","1.0020","0.9924","61.75K","-0.96%"
"05 Feb 2021","1.0020","1.0045","1.0045","1.0003","24.59K","-0.25%"
"04 Feb 2021","1.0045","1.0031","1.0045","0.9991","29.70K","0.11%"
"03 Feb 2021","1.0034","1.0036","1.0038","0.9990","23.30K","-0.02%"
"02 Feb 2021","1.0036","0.9980","1.0111","0.9973","20.63K","0.56%"
"01 Feb 2021","0.9980","0.9952","1.0040","0.9939","28.89K","0.33%"
"31 Jan 2021","0.9947","0.9905","0.9985","0.9905","56.57K","0.42%"
"30 Jan 2021","0.9905","0.9971","0.9971","0.9893","62.86K","-0.66%"
"29 Jan 2021","0.9971","1.0003","1.0003","0.9947","43.08K","-0.15%"
"28 Jan 2021","0.9986","1.0010","1.0011","0.9983","35.38K","-0.22%"
"27 Jan 2021","1.0008","1.0008","1.0038","1.0000","12.38K","0.00%"
"26 Jan 2021","1.0008","1.0062","1.0062","0.9993","10.16K","-0.54%"
"25 Jan 2021","1.0062","0.9993","1.0062","0.9993","12.18K","0.69%"
"24 Jan 2021","0.9993","1.0024","1.0024","0.9993","22.81K","-0.31%"
"23 Jan 2021","1.0024","0.9980","1.0024","0.9980","11.49K","0.44%"
"22 Jan 2021","0.9980","1.0007","1.0007","0.9980","20.53K","-0.27%"
"21 Jan 2021","1.0007","1.0024","1.0024","0.9995","25.31K","-0.17%"
"20 Jan 2021","1.0024","1.0016","1.0132","1.0016","12.80K","0.08%"
"19 Jan 2021","1.0016","1.0079","1.0079","0.9988","77.78K","-0.57%"
"18 Jan 2021","1.0073","1.0031","1.0075","1.0031","9.39K","0.42%"
"17 Jan 2021","1.0031","1.0036","1.0036","1.0015","12.17K","-0.05%"
"16 Jan 2021","1.0036","1.0026","1.0084","1.0003","19.01K","0.10%"
"15 Jan 2021","1.0026","1.0015","1.0026","1.0007","35.65K","0.10%"
"14 Jan 2021","1.0015","0.9983","1.0031","0.9983","22.81K","0.32%"
"13 Jan 2021","0.9983","0.9993","0.9993","0.9976","45.04K","-0.09%"
"12 Jan 2021","0.9993","0.9984","1.0020","0.9973","36.50K","0.08%"
"11 Jan 2021","0.9984","1.0031","1.0039","0.9983","62.08K","-0.46%"
"10 Jan 2021","1.0031","0.9981","1.0031","0.9968","37.96K","0.50%"
"09 Jan 2021","0.9981","0.9969","1.0010","0.9964","21.64K","0.17%"
"08 Jan 2021","0.9963","0.9977","0.9990","0.9937","97.32K","-0.14%"
"07 Jan 2021","0.9977","0.9960","1.0010","0.9960","23.10K","0.17%"
"06 Jan 2021","0.9960","0.9914","1.0002","0.9900","26.71K","0.52%"
"05 Jan 2021","0.9909","1.0050","1.0050","0.9909","36.46K","-1.40%"
"04 Jan 2021","1.0050","1.0003","1.0076","0.9995","55.59K","0.46%"
"03 Jan 2021","1.0004","0.9988","1.0004","0.9988","31.64K","0.16%"
"02 Jan 2021","0.9988","0.9998","1.0014","0.9985","44.24K","-0.18%"
"01 Jan 2021","1.0006","1.0003","1.0024","0.9988","27.43K","-0.18%"
"31 Dec 2020","1.0024","1.0034","1.0056","1.0005","37.60K","-0.10%"
"30 Dec 2020","1.0034","1.0044","1.0066","1.0033","55.43K","-0.10%"
"29 Dec 2020","1.0044","1.0032","1.0058","1.0016","14.08K","0.12%"
"28 Dec 2020","1.0032","1.0007","1.0051","0.9997","21.82K","0.24%"
"27 Dec 2020","1.0007","1.0033","1.0040","0.9980","5.76K","-0.27%"
"26 Dec 2020","1.0035","1.0040","1.0075","1.0035","3.62K","-0.05%"
"25 Dec 2020","1.0040","1.0049","1.0098","1.0038","5.95K","-0.09%"
"24 Dec 2020","1.0049","1.0010","1.0133","1.0009","7.90K","0.39%"
"23 Dec 2020","1.0010","0.9998","1.0014","0.9985","23.48K","0.13%"
"22 Dec 2020","0.9998","1.0003","1.0032","0.9979","7.41K","-0.05%"
"21 Dec 2020","1.0003","1.0013","1.0013","1.0003","9.59K","-0.10%"
"20 Dec 2020","1.0013","0.9966","1.0016","0.9966","13.16K","0.49%"
"19 Dec 2020","0.9964","0.9985","0.9998","0.9964","16.06K","-0.21%"
"18 Dec 2020","0.9985","0.9985","0.9990","0.9953","26.55K","-0.01%"
"17 Dec 2020","0.9986","0.9989","1.0032","0.9986","29.47K","-0.03%"
"16 Dec 2020","0.9989","0.9990","1.0001","0.9980","33.05K","-0.01%"
"15 Dec 2020","0.9990","1.0026","1.0026","0.9990","13.61K","-0.36%"
"14 Dec 2020","1.0026","1.0006","1.0026","1.0006","9.16K","0.20%"
"13 Dec 2020","1.0006","0.9997","1.0027","0.9997","14.01K","0.12%"
"12 Dec 2020","0.9994","1.0028","1.0035","0.9991","12.47K","-0.35%"
"11 Dec 2020","1.0028","1.0030","1.0035","1.0015","13.82K","-0.01%"
"10 Dec 2020","1.0030","1.0011","1.0030","1.0011","10.54K","0.19%"
"09 Dec 2020","1.0011","1.0019","1.0022","1.0008","3.00K","-0.30%"
"08 Dec 2020","1.0041","1.0014","1.0041","1.0014","2.76K","0.26%"
"07 Dec 2020","1.0014","1.0019","1.0067","1.0012","4.16K","-0.05%"
"06 Dec 2020","1.0019","1.0043","1.0045","1.0019","1.59K","-0.23%"
"05 Dec 2020","1.0043","1.0040","1.0044","1.0040","0.68K","0.02%"
"04 Dec 2020","1.0040","1.0087","1.0087","1.0039","0.76K","-0.46%"
"03 Dec 2020","1.0087","1.0064","1.0087","1.0064","11.00K","0.23%"
"02 Dec 2020","1.0064","0.9981","1.0064","0.9981","6.00K","0.83%"
"01 Dec 2020","0.9981","1.0061","1.0061","0.9981","4.66K","-0.80%"
"30 Nov 2020","1.0061","1.0047","1.0061","1.0047","6.74K","0.14%"
"29 Nov 2020","1.0047","0.9960","1.0047","0.9960","1.01K","0.87%"
"28 Nov 2020","0.9960","0.9962","0.9962","0.9960","12.18K","-0.02%"
"27 Nov 2020","0.9962","1.0099","1.0099","0.9962","17.97K","-1.36%"
"26 Nov 2020","1.0099","1.0000","1.0137","1.0000","10.58K","0.73%"
"25 Nov 2020","1.0026","1.0026","1.0026","1.0026","","0.00%"
"24 Nov 2020","1.0026","0.9966","1.0026","0.9966","0.75K","0.60%"
"23 Nov 2020","0.9966","1.0031","1.0031","0.9966","1.62K","-0.65%"
"22 Nov 2020","1.0031","1.0016","1.0031","1.0016","11.04K","0.15%"
"21 Nov 2020","1.0016","1.0014","1.0016","1.0014","9.12K","0.02%"
"20 Nov 2020","1.0014","1.0014","1.0014","1.0014","","0.00%"
"19 Nov 2020","1.0014","1.0012","1.0015","1.0012","1.80K","0.02%"
"18 Nov 2020","1.0012","1.0013","1.0052","1.0012","2.55K","-0.01%"
"17 Nov 2020","1.0013","1.0021","1.0021","1.0013","1.92K","-0.08%"
"16 Nov 2020","1.0021","1.0056","1.0056","1.0021","0.04K","-0.03%"
"15 Nov 2020","1.0024","1.0024","1.0024","1.0024","","0.00%"
"14 Nov 2020","1.0024","1.0068","1.0068","0.9960","1.87K","-0.44%"
"13 Nov 2020","1.0068","1.0000","1.0068","1.0000","5.98K","0.68%"
"12 Nov 2020","1.0000","1.0036","1.0082","1.0000","1.90K","-0.36%"
"11 Nov 2020","1.0036","1.0085","1.0085","1.0027","6.87K","-0.49%"
"10 Nov 2020","1.0085","1.0060","1.0093","1.0048","9.94K","0.25%"
"09 Nov 2020","1.0060","1.0019","1.0061","1.0019","0.92K","0.41%"
"08 Nov 2020","1.0019","1.0060","1.0097","1.0019","2.72K","-0.41%"
"07 Nov 2020","1.0060","1.0061","1.0107","1.0056","2.31K","-0.01%"
"06 Nov 2020","1.0061","1.0108","1.0108","1.0061","3.42K","-0.46%"
"05 Nov 2020","1.0108","1.0000","1.0108","1.0000","4.44K","1.08%"
"04 Nov 2020","1.0000","1.0085","1.0175","0.9993","19.73K","-0.84%"
"03 Nov 2020","1.0085","1.0099","1.0099","1.0025","1.57K","-0.14%"
"02 Nov 2020","1.0099","1.0092","1.0099","1.0092","2.22K","0.07%"
"01 Nov 2020","1.0092","1.0097","1.0097","1.0092","4.65K","-0.05%"
"31 Oct 2020","1.0097","1.0010","1.0097","1.0010","2.73K","0.87%"
"30 Oct 2020","1.0010","1.0100","1.0100","1.0010","1.12K","-0.89%"
"29 Oct 2020","1.0100","1.0060","1.0100","1.0060","1.15K","0.40%"
"28 Oct 2020","1.0060","1.0089","1.0089","1.0060","0.62K","-0.29%"
"27 Oct 2020","1.0089","1.0015","1.0089","0.9969","2.32K","0.74%"
"26 Oct 2020","1.0015","1.0000","1.0015","0.9962","5.37K","0.15%"
"25 Oct 2020","1.0000","1.0080","1.0080","1.0000","1.13K","-0.79%"
"24 Oct 2020","1.0080","1.0049","1.0137","1.0049","6.34K","0.31%"
"23 Oct 2020","1.0049","1.0026","1.0049","1.0026","2.41K","0.23%"
"22 Oct 2020","1.0026","1.0043","1.0043","1.0026","3.66K","-0.17%"
"21 Oct 2020","1.0043","1.0077","1.0077","1.0043","0.09K","-0.34%"
"20 Oct 2020","1.0077","1.0093","1.0093","1.0077","0.09K","-0.16%"
"19 Oct 2020","1.0093","1.0043","1.0093","1.0043","0.47K","0.50%"
"18 Oct 2020","1.0043","1.0140","1.0140","1.0043","0.87K","-0.96%"
"17 Oct 2020","1.0140","1.0053","1.0140","1.0053","0.09K","0.87%"
"16 Oct 2020","1.0053","1.0048","1.0053","1.0018","95.74K","0.05%"
"15 Oct 2020","1.0048","1.0059","1.0060","1.0016","0.86K","-0.11%"
"14 Oct 2020","1.0059","1.0042","1.0059","1.0042","0.42K","0.17%"
"13 Oct 2020","1.0042","1.0056","1.0056","1.0042","10.90K","-0.14%"
"12 Oct 2020","1.0056","1.0100","1.0100","1.0056","16.17K","-0.44%"
"11 Oct 2020","1.0100","1.0067","1.0100","1.0067","3.13K","0.33%"
"10 Oct 2020","1.0067","1.0079","1.0079","1.0035","2.50K","-0.12%"
"09 Oct 2020","1.0079","1.0048","1.0079","1.0020","2.02K","0.31%"
"08 Oct 2020","1.0048","1.0058","1.0058","1.0048","6.06K","-0.10%"
"07 Oct 2020","1.0058","1.0098","1.0130","1.0058","5.11K","-0.40%"
"06 Oct 2020","1.0098","1.0041","1.0098","1.0031","1.39K","0.57%"
"05 Oct 2020","1.0041","1.0047","1.0047","1.0041","2.87K","-0.06%"
"04 Oct 2020","1.0047","1.0115","1.0115","1.0047","0.51K","-0.67%"
"03 Oct 2020","1.0115","1.0050","1.0115","1.0050","1.33K","0.65%"
"02 Oct 2020","1.0050","1.0026","1.0121","1.0026","12.46K","0.24%"
"01 Oct 2020","1.0026","1.0157","1.0170","1.0026","119.36K","-1.29%"
"30 Sept 2020","1.0157","1.0079","1.0157","1.0050","1.00K","0.77%"
"29 Sept 2020","1.0079","1.0090","1.0180","1.0079","4.00K","-0.11%"
"28 Sept 2020","1.0090","1.0109","1.0109","1.0053","11.60K","-0.19%"
"27 Sept 2020","1.0109","1.0032","1.0109","1.0032","5.73K","0.77%"
"26 Sept 2020","1.0032","1.0039","1.0065","1.0032","5.77K","-0.07%"
"25 Sept 2020","1.0039","1.0026","1.0066","1.0026","2.27K","0.13%"
"24 Sept 2020","1.0026","1.0057","1.0057","1.0026","3.39K","-0.31%"
"23 Sept 2020","1.0057","1.0118","1.0118","1.0057","0.33K","-0.60%"
"22 Sept 2020","1.0118","1.0088","1.0118","1.0049","5.98K","0.30%"
"21 Sept 2020","1.0088","1.0100","1.0100","1.0088","7.41K","-0.12%"
"20 Sept 2020","1.0100","1.0100","1.0100","1.0100","1.92K","0.00%"
"19 Sept 2020","1.0100","1.0092","1.0147","1.0092","4.79K","0.08%"
"18 Sept 2020","1.0092","1.0470","1.0470","1.0092","4.46K","-3.61%"
"17 Sept 2020","1.0470","1.0145","1.0470","1.0145","2.49K","3.20%"
"16 Sept 2020","1.0145","1.0213","1.0213","1.0145","0.65K","-0.67%"
"15 Sept 2020","1.0213","1.0370","1.0447","1.0213","3.58K","-1.51%"
"14 Sept 2020","1.0370","1.0213","1.0370","1.0213","8.01K","1.54%"
"13 Sept 2020","1.0213","1.0282","1.0282","1.0213","0.45K","-0.67%"
"12 Sept 2020","1.0282","1.0319","1.0331","1.0282","2.36K","-0.36%"
"11 Sept 2020","1.0319","1.0282","1.0389","1.0282","1.20K","0.36%"
"10 Sept 2020","1.0282","1.0220","1.0282","1.0195","0.86K","0.61%"
"09 Sept 2020","1.0220","1.0237","1.0267","1.0220","2.89K","-0.17%"
"08 Sept 2020","1.0237","1.0222","1.0239","1.0206","0.99K","0.15%"
"07 Sept 2020","1.0222","1.0175","1.0257","1.0175","2.43K","0.46%"
"06 Sept 2020","1.0175","1.0156","1.0175","1.0087","31.81K","0.19%"
"05 Sept 2020","1.0156","1.0139","1.0300","1.0119","30.86K","0.17%"
"04 Sept 2020","1.0139","1.0080","1.0147","0.9995","28.83K","0.59%"
"03 Sept 2020","1.0080","1.0204","1.0254","1.0000","55.49K","-1.22%"
"02 Sept 2020","1.0204","1.0148","1.0435","0.9999","34.40K","0.55%"
"01 Sept 2020","1.0148","1.0050","1.0400","1.0050","45.76K","0.98%"
"31 Aug 2020","1.0050","1.0110","1.0219","1.0050","3.49K","-0.59%"
"30 Aug 2020","1.0110","1.0105","1.0189","1.0097","11.16K","0.05%"
"29 Aug 2020","1.0105","1.0107","1.0108","1.0104","0.68K","-0.02%"
"28 Aug 2020","1.0107","1.0148","1.0182","1.0107","0.45K","-0.40%"
"27 Aug 2020","1.0148","1.0070","1.0148","1.0070","2.37K","0.77%"
"26 Aug 2020","1.0070","1.0109","1.0115","1.0070","0.31K","-0.39%"
"25 Aug 2020","1.0109","1.0200","1.0200","1.0109","2.23K","-0.89%"
"24 Aug 2020","1.0200","1.0080","1.0200","1.0042","5.81K","1.19%"
"23 Aug 2020","1.0080","0.9983","1.0080","0.9954","61.49K","0.97%"
"22 Aug 2020","0.9983","1.0058","1.0058","0.9983","11.50K","-0.75%"
"21 Aug 2020","1.0058","1.0106","1.0106","1.0058","5.20K","-0.47%"
"20 Aug 2020","1.0106","1.0004","1.0120","1.0004","1.58K","1.02%"
"19 Aug 2020","1.0004","1.0000","1.0109","0.9984","9.52K","0.04%"
"18 Aug 2020","1.0000","1.0079","1.0079","1.0000","7.53K","-0.78%"
"17 Aug 2020","1.0079","1.0137","1.0137","1.0011","0.81K","-0.57%"
"16 Aug 2020","1.0137","1.0115","1.0137","1.0014","5.94K","0.22%"
"15 Aug 2020","1.0115","1.0080","1.0115","0.9900","21.96K","0.35%"
"14 Aug 2020","1.0080","1.0210","1.0210","1.0080","27.54K","-1.27%"
"13 Aug 2020","1.0210","1.0100","1.0800","1.0100","16.90K","1.09%"
"12 Aug 2020","1.0100","1.0145","1.0200","1.0100","3.58K","-0.44%"
"11 Aug 2020","1.0145","1.0115","1.0237","1.0115","2.93K","0.30%"
"10 Aug 2020","1.0115","1.0257","1.0257","1.0115","1.98K","-1.38%"
"09 Aug 2020","1.0257","1.0117","1.0257","1.0116","0.55K","1.38%"
"08 Aug 2020","1.0117","1.0195","1.0195","1.0117","0.96K","-0.77%"
"07 Aug 2020","1.0195","1.0100","1.0195","1.0060","1.20K","0.94%"
"06 Aug 2020","1.0100","1.0148","1.0209","1.0091","5.78K","-0.47%"
"05 Aug 2020","1.0148","1.0120","1.0148","1.0120","0.07K","0.28%"
"04 Aug 2020","1.0120","1.0152","1.0152","1.0083","10.96K","-0.32%"
"03 Aug 2020","1.0152","1.0172","1.0172","1.0088","4.53K","-0.20%"
"02 Aug 2020","1.0172","1.0092","1.0250","1.0092","26.51K","0.79%"
"01 Aug 2020","1.0092","1.0223","1.0237","1.0092","2.71K","-1.28%"
"31 July 2020","1.0223","1.0383","1.0383","1.0169","4.58K","-1.54%"
"30 July 2020","1.0383","1.0323","1.0383","1.0300","3.99K","0.58%"
"29 July 2020","1.0323","1.0241","1.0323","1.0148","13.31K","0.80%"
"28 July 2020","1.0241","1.0020","1.0554","1.0020","0.83K","2.21%"
"27 July 2020","1.0020","1.0073","1.0256","1.0016","1.45K","-0.53%"
"26 July 2020","1.0073","1.0140","1.0140","1.0005","3.93K","-0.66%"
"25 July 2020","1.0140","1.0339","1.0339","1.0140","15.05K","-1.92%"
"24 July 2020","1.0339","1.0301","1.0339","1.0243","8.88K","0.37%"
"23 July 2020","1.0301","1.0159","1.0301","1.0159","16.20K","1.40%"
"22 July 2020","1.0159","1.0041","1.0159","1.0041","0.79K","1.18%"
"21 July 2020","1.0041","1.0006","1.0141","1.0006","0.05K","0.35%"
"20 July 2020","1.0006","1.0100","1.0100","1.0006","0.06K","-0.93%"
"19 July 2020","1.0100","1.0178","1.0178","1.0100","0.35K","-0.77%"
"18 July 2020","1.0178","1.0074","1.0178","1.0072","1.10K","1.03%"
"17 July 2020","1.0074","1.0051","1.0105","1.0051","1.21K","0.23%"
"16 July 2020","1.0051","1.0061","1.0061","1.0051","0.01K","-0.10%"
"15 July 2020","1.0061","1.0201","1.0201","1.0061","3.16K","-1.37%"
"14 July 2020","1.0201","1.0140","1.0201","1.0101","4.89K","0.60%"
"13 July 2020","1.0140","1.0120","1.0140","1.0120","3.03K","0.20%"
"12 July 2020","1.0120","1.0119","1.0120","1.0119","0.50K","0.01%"
"11 July 2020","1.0119","1.0119","1.0119","1.0119","","-0.50%"
"10 July 2020","1.0170","1.0170","1.0170","1.0170","","0.00%"
"09 July 2020","1.0170","1.0170","1.0170","1.0102","4.06K","0.00%"
"08 July 2020","1.0170","1.0102","1.0170","1.0064","2.22K","0.67%"
"07 July 2020","1.0102","1.0160","1.0160","1.0095","0.89K","-0.57%"
"06 July 2020","1.0160","1.0159","1.0160","1.0108","10.74K","0.01%"
"05 July 2020","1.0159","1.0160","1.0160","1.0159","1.22K","-0.01%"
"04 July 2020","1.0160","1.0150","1.0162","1.0065","5.12K","0.10%"
"03 July 2020","1.0150","1.0159","1.0280","1.0077","4.10K","-0.09%"
"02 July 2020","1.0159","1.0135","1.0159","1.0111","4.56K","0.24%"
"01 July 2020","1.0135","1.0089","1.0156","1.0089","3.94K","1.25%"
"30 June 2020","1.0010","1.0010","1.0010","1.0010","","0.00%"
"29 June 2020","1.0010","1.0010","1.0077","1.0010","1.29K","0.00%"
"28 June 2020","1.0010","1.0010","1.0010","1.0010","","-0.02%"
"26 June 2020","1.0012","1.0012","1.0012","1.0012","","0.00%"
"25 June 2020","1.0012","1.0012","1.0012","1.0012","","-0.13%"
"24 June 2020","1.0025","1.0025","1.0025","1.0025","","0.00%"
"23 June 2020","1.0025","1.0030","1.0800","1.0011","0.26K","-0.94%"
"22 June 2020","1.0120","1.0120","1.0120","1.0120","","0.00%"
"21 June 2020","1.0120","1.0120","1.0120","1.0120","","0.00%"
"20 June 2020","1.0120","1.0013","1.0120","1.0013","0.01K","1.07%"
"19 June 2020","1.0013","1.0119","1.0119","1.0013","0.02K","-1.05%"
"18 June 2020","1.0119","1.0119","1.0119","1.0119","","0.00%"
"17 June 2020","1.0119","1.0119","1.0119","1.0119","","-0.01%"
"16 June 2020","1.0120","1.0120","1.0120","1.0120","","0.00%"
"15 June 2020","1.0120","1.0080","1.0120","1.0080","5.09K","0.40%"
"14 June 2020","1.0080","0.9921","1.0080","0.9921","2.24K","1.60%"
"13 June 2020","0.9921","0.9979","0.9979","0.9920","1.18K","-0.58%"
"12 June 2020","0.9979","0.9979","1.0020","0.9979","1.12K","0.00%"
"11 June 2020","0.9979","1.0100","1.0100","0.9979","1.46K","-1.20%"
"10 June 2020","1.0100","1.0100","1.0100","1.0100","","1.00%"
"09 June 2020","1.0000","1.0000","1.0000","1.0000","","0.00%"
"08 June 2020","1.0000","1.0035","1.0049","0.9979","3.58K","-0.35%"
"07 June 2020","1.0035","1.0035","1.0035","1.0035","","0.00%"
"06 June 2020","1.0035","1.0035","1.0035","1.0035","","0.10%"
"05 June 2020","1.0025","1.0025","1.0025","1.0025","","0.00%"
"04 June 2020","1.0025","1.0026","1.1078","0.9979","1.76K","-0.01%"
"03 June 2020","1.0026","0.9990","1.0026","0.9990","0.93K","0.36%"
"02 June 2020","0.9990","0.9990","0.9990","0.9990","","0.00%"
"01 June 2020","0.9990","0.9990","1.0027","0.9990","0.93K","0.00%"
"31 May 2020","0.9990","0.9990","0.9990","0.9990","","0.00%"
"30 May 2020","0.9990","0.9990","0.9990","0.9990","","0.00%"
"29 May 2020","0.9990","0.9990","1.0060","0.9990","0.21K","0.00%"
"28 May 2020","0.9990","1.0050","1.0050","0.9990","3.26K","-0.60%"
"27 May 2020","1.0050","1.0050","1.0050","1.0050","","0.00%"
"26 May 2020","1.0050","0.9990","1.0050","0.9990","0.17K","0.60%"
"25 May 2020","0.9990","0.9981","0.9990","0.9981","0.09K","0.09%"
"24 May 2020","0.9981","1.0098","1.0098","0.9981","0.02K","-1.16%"
"23 May 2020","1.0098","1.0178","1.0178","0.9983","6.61K","-0.79%"
"22 May 2020","1.0178","1.0178","1.0178","1.0178","","0.59%"
"21 May 2020","1.0118","1.0118","1.0118","1.0118","","0.00%"
"20 May 2020","1.0118","1.0074","1.0118","1.0074","0.06K","0.44%"
"19 May 2020","1.0074","0.9981","1.0074","0.9981","0.02K","0.93%"
"18 May 2020","0.9981","1.0035","1.0179","0.9981","0.27K","-0.54%"
"17 May 2020","1.0035","1.0000","1.0179","0.9946","0.22K","0.35%"
"16 May 2020","1.0000","1.0200","1.0200","1.0000","0.30K","-1.96%"
"15 May 2020","1.0200","1.0100","1.0200","0.9969","1.03K","0.99%"
"14 May 2020","1.0100","1.0023","1.0100","1.0023","0.68K","0.77%"
"13 May 2020","1.0023","0.9988","1.0027","0.9944","0.70K","0.53%"
"12 May 2020","0.9970","0.9970","0.9970","0.9970","","0.00%"
"11 May 2020","0.9970","1.0038","1.0038","0.9970","0.02K","-0.68%"
"10 May 2020","1.0038","1.0100","1.0100","1.0000","0.51K","-0.61%"
"09 May 2020","1.0100","1.0010","1.0110","0.9998","0.62K","0.85%"
"08 May 2020","1.0015","1.0015","1.0015","1.0015","","0.00%"
"07 May 2020","1.0015","1.0015","1.0015","1.0015","","0.00%"
"06 May 2020","1.0015","1.0015","1.0015","1.0015","","0.00%"
"05 May 2020","1.0015","1.0070","1.0070","1.0015","0.19K","-0.84%"
"04 May 2020","1.0100","1.0100","1.0100","1.0100","","0.00%"
"03 May 2020","1.0100","1.0010","1.0100","1.0010","0.01K","0.90%"
"02 May 2020","1.0010","1.0010","1.0010","1.0010","","0.05%"
"01 May 2020","1.0005","1.0005","1.0005","1.0005","","0.00%"
"30 Apr 2020","1.0005","1.0151","1.1068","1.0004","0.18K","-1.44%"
"29 Apr 2020","1.0151","0.9984","1.0216","0.9984","0.06K","1.67%"
"28 Apr 2020","0.9984","0.9986","0.9986","0.9984","0.00K","-0.02%"
"27 Apr 2020","0.9986","1.0216","1.0216","0.9986","2.50K","-2.25%"
"26 Apr 2020","1.0216","1.0216","1.0216","1.0216","","0.00%"
"25 Apr 2020","1.0216","1.0216","1.0216","1.0216","","0.00%"
"24 Apr 2020","1.0216","1.0085","1.0216","1.0085","0.36K","1.30%"
"23 Apr 2020","1.0085","1.0140","1.0140","1.0079","0.05K","-0.54%"
"22 Apr 2020","1.0140","1.0137","1.0140","1.0137","0.09K","0.03%"
"21 Apr 2020","1.0137","1.0091","1.0137","1.0091","0.08K","0.46%"
"20 Apr 2020","1.0091","1.0216","1.0216","1.0015","8.23K","-1.22%"
"19 Apr 2020","1.0216","1.0186","1.0216","1.0116","5.39K","0.29%"
"18 Apr 2020","1.0186","1.0131","1.0186","1.0131","0.01K","0.54%"
"17 Apr 2020","1.0131","1.0150","1.0200","1.0126","0.23K","-0.19%"
"16 Apr 2020","1.0150","1.0199","1.0199","1.0130","0.04K","-0.48%"
"15 Apr 2020","1.0199","1.0205","1.0205","1.0126","0.36K","-0.06%"
"14 Apr 2020","1.0205","1.0103","1.0205","1.0103","2.27K","1.01%"
"13 Apr 2020","1.0103","1.0149","1.0226","1.0103","0.00K","-0.45%"
"12 Apr 2020","1.0149","1.0142","1.0149","1.0142","0.53K","0.07%"
"11 Apr 2020","1.0142","1.0094","1.0321","1.0092","1.27K","0.48%"
"10 Apr 2020","1.0094","1.0216","1.0262","1.0020","6.49K","-1.19%"
"09 Apr 2020","1.0216","1.0187","1.0216","1.0099","0.93K","0.28%"
"08 Apr 2020","1.0187","1.0318","1.0340","1.0037","0.80K","-1.27%"
"07 Apr 2020","1.0318","1.0063","1.0318","1.0030","1.09K","2.53%"
"06 Apr 2020","1.0063","1.0063","1.0063","1.0063","","0.00%"
"05 Apr 2020","1.0063","1.0156","1.0245","1.0063","0.19K","-0.92%"
"04 Apr 2020","1.0156","1.0100","1.0184","1.0056","1.06K","0.55%"
"03 Apr 2020","1.0100","1.0228","1.0228","1.0100","0.23K","-1.25%"
"02 Apr 2020","1.0228","1.0109","1.0228","1.0101","0.47K","1.18%"
"01 Apr 2020","1.0109","1.0101","1.0126","1.0101","0.37K","0.08%"
"31 Mar 2020","1.0101","1.0155","1.0249","1.0100","2.16K","-0.53%"
"30 Mar 2020","1.0155","1.0187","1.0267","1.0155","0.45K","-0.31%"
"29 Mar 2020","1.0187","1.0161","1.0227","1.0104","0.45K","0.26%"
"28 Mar 2020","1.0161","1.0157","1.0235","1.0157","1.18K","0.04%"
"27 Mar 2020","1.0157","1.0173","1.0266","1.0154","1.79K","-0.16%"
"26 Mar 2020","1.0173","1.0117","1.0304","1.0102","0.53K","0.55%"
"25 Mar 2020","1.0117","1.0382","1.0382","1.0117","0.82K","-2.55%"
"24 Mar 2020","1.0382","1.0445","1.0445","1.0260","2.02K","-0.60%"
"23 Mar 2020","1.0445","1.0312","1.0461","1.0312","0.66K","1.29%"
"22 Mar 2020","1.0312","1.0324","1.0357","1.0312","2.71K","-0.42%"
"21 Mar 2020","1.0356","1.0356","1.0356","1.0356","","0.00%"
"20 Mar 2020","1.0356","1.0101","1.0577","1.0101","2.85K","2.52%"
"19 Mar 2020","1.0101","1.0006","1.0241","1.0002","5.96K","0.95%"
"18 Mar 2020","1.0006","1.0189","1.0189","1.0006","0.94K","-1.80%"
"17 Mar 2020","1.0189","1.0365","1.0650","1.0002","5.80K","-1.70%"
"16 Mar 2020","1.0365","1.0435","1.0900","1.0031","17.75K","-0.67%"
"15 Mar 2020","1.0435","1.0300","1.0819","1.0055","31.63K","1.31%"
"14 Mar 2020","1.0300","1.0200","1.0300","1.0100","11.21K","0.98%"
"13 Mar 2020","1.0200","1.0649","1.1024","0.9614","34.80K","-4.22%"
"12 Mar 2020","1.0649","1.0120","1.0919","0.9528","13.89K","5.23%"
"11 Mar 2020","1.0120","1.0045","1.0120","1.0029","2.92K","0.75%"
"10 Mar 2020","1.0045","1.0011","1.0194","0.9957","20.68K","0.34%"
"09 Mar 2020","1.0011","1.0018","1.0055","0.9900","3.16K","-0.07%"
"08 Mar 2020","1.0018","0.9946","1.0018","0.9900","2.76K","0.72%"
"07 Mar 2020","0.9946","0.9961","1.0022","0.9946","0.19K","-0.15%"
"06 Mar 2020","0.9961","1.0052","1.0052","0.9961","1.08K","-0.91%"
"05 Mar 2020","1.0052","0.9990","1.0055","0.9990","2.07K","0.62%"
"04 Mar 2020","0.9990","1.0040","1.0040","0.9990","5.22K","-0.50%"
"03 Mar 2020","1.0040","1.0084","1.0084","0.9987","1.26K","-0.44%"
"02 Mar 2020","1.0084","1.0205","1.0205","1.0053","7.79K","-1.19%"
"01 Mar 2020","1.0205","1.0076","1.0212","0.9994","4.56K","1.28%"
"29 Feb 2020","1.0076","1.0083","1.0083","0.9943","1.83K","-0.07%"
"28 Feb 2020","1.0083","1.0055","1.0087","0.9994","7.70K","0.28%"
"27 Feb 2020","1.0055","1.0022","1.0101","0.9990","9.07K","0.33%"
"26 Feb 2020","1.0022","0.9964","1.0055","0.9938","15.62K","0.12%"
"25 Feb 2020","1.0010","1.0004","1.0010","0.9954","2.97K","0.06%"
"24 Feb 2020","1.0004","1.0004","1.0004","0.9913","4.12K","0.00%"
"23 Feb 2020","1.0004","1.0003","1.0004","0.9926","1.55K","0.01%"
"22 Feb 2020","1.0003","1.0004","1.0004","0.9944","10.83K","-0.01%"
"21 Feb 2020","1.0004","1.0004","1.0004","0.9938","6.01K","0.00%"
"20 Feb 2020","1.0004","1.0004","1.0004","0.9947","12.45K","0.00%"
"19 Feb 2020","1.0004","1.0001","1.0004","0.9929","10.69K","0.03%"
"18 Feb 2020","1.0001","0.9946","1.0087","0.9946","1.34K","0.55%"
"17 Feb 2020","0.9946","0.9992","0.9992","0.9946","0.63K","-0.46%"
"16 Feb 2020","0.9992","0.9991","0.9992","0.9991","0.73K","0.01%"
"15 Feb 2020","0.9991","0.9990","1.0000","0.9990","0.44K","0.01%"
"14 Feb 2020","0.9990","1.0022","1.0087","0.9990","3.77K","-0.32%"
"13 Feb 2020","1.0022","1.0003","1.0022","0.9900","4.73K","0.19%"
"12 Feb 2020","1.0003","1.0011","1.0052","1.0000","6.81K","-0.08%"
"11 Feb 2020","1.0011","1.0048","1.0100","1.0011","7.46K","-0.37%"
"10 Feb 2020","1.0048","1.0070","1.0070","1.0048","2.34K","-0.10%"
"09 Feb 2020","1.0058","1.0057","1.0069","1.0022","1.70K","0.01%"
"08 Feb 2020","1.0057","1.0022","1.0057","0.9983","0.64K","0.35%"
"07 Feb 2020","1.0022","0.9990","1.0069","0.9990","0.26K","0.32%"
"06 Feb 2020","0.9990","0.9964","1.0022","0.9964","0.42K","0.26%"
"05 Feb 2020","0.9964","0.9961","0.9964","0.9961","0.48K","0.03%"
"04 Feb 2020","0.9961","1.0000","1.0050","0.9961","0.89K","-0.39%"
"03 Feb 2020","1.0000","1.0000","1.0000","1.0000","","0.00%"
"02 Feb 2020","1.0000","1.0000","1.0000","1.0000","","0.00%"
"01 Feb 2020","1.0000","1.0050","1.0050","1.0000","0.00K","-0.50%"
"31 Jan 2020","1.0050","1.0054","1.0054","1.0050","0.37K","-0.04%"
"30 Jan 2020","1.0054","1.0055","1.0055","0.9993","0.30K","0.64%"
"29 Jan 2020","0.9990","0.9990","0.9990","0.9990","","0.00%"
"28 Jan 2020","0.9990","0.9990","1.0055","0.9990","0.35K","0.00%"
"27 Jan 2020","0.9990","0.9930","0.9990","0.9930","0.53K","0.60%"
"26 Jan 2020","0.9930","0.9990","0.9990","0.9930","0.43K","-0.60%"
"25 Jan 2020","0.9990","0.9990","0.9990","0.9990","","0.00%"
"24 Jan 2020","0.9990","0.9997","1.0027","0.9990","2.57K","-0.37%"
"23 Jan 2020","1.0027","1.0010","1.0027","0.9997","4.97K","0.17%"
"22 Jan 2020","1.0010","0.9930","1.0010","0.9930","0.34K","0.81%"
"21 Jan 2020","0.9930","1.0010","1.0010","0.9930","2.14K","-0.80%"
"20 Jan 2020","1.0010","1.0010","1.0010","0.9921","2.13K","0.00%"
"19 Jan 2020","1.0010","0.9947","1.0010","0.9947","0.51K","0.63%"
"18 Jan 2020","0.9947","0.9948","0.9948","0.9947","5.45K","-0.01%"
"17 Jan 2020","0.9948","1.0010","1.0010","0.9948","0.11K","-0.62%"
"16 Jan 2020","1.0010","0.9946","1.0010","0.9946","0.11K","0.64%"
"15 Jan 2020","0.9946","1.0055","1.0055","0.9946","1.79K","-1.08%"
"14 Jan 2020","1.0055","1.0000","1.0055","0.9991","2.87K","0.55%"
"13 Jan 2020","1.0000","1.0000","1.0000","1.0000","","0.00%"
"12 Jan 2020","1.0000","1.0000","1.0000","1.0000","","0.00%"
"11 Jan 2020","1.0000","1.0000","1.0000","1.0000","","0.10%"
"10 Jan 2020","0.9990","1.0000","1.0000","0.9990","3.06K","-0.10%"
"09 Jan 2020","1.0000","0.9970","1.0000","0.9970","3.30K","0.30%"
"08 Jan 2020","0.9970","0.9950","0.9999","0.9950","0.04K","0.20%"
"07 Jan 2020","0.9950","0.9950","0.9950","0.9950","","0.00%"
"06 Jan 2020","0.9950","0.9980","0.9981","0.9950","2.65K","-0.30%"
"05 Jan 2020","0.9980","0.9980","0.9980","0.9975","0.29K","0.10%"
"04 Jan 2020","0.9970","0.9970","0.9970","0.9970","","0.00%"
"03 Jan 2020","0.9970","0.9940","0.9970","0.9940","0.09K","0.30%"
"02 Jan 2020","0.9940","0.9950","0.9983","0.9940","1.85K","-0.10%"
"01 Jan 2020","0.9950","0.9983","0.9983","0.9950","0.14K","-0.33%"
"31 Dec 2019","0.9983","0.9983","0.9983","0.9973","0.60K","0.00%"
"30 Dec 2019","0.9983","0.9980","0.9983","0.9980","0.83K","0.03%"
"29 Dec 2019","0.9980","0.9909","0.9980","0.9901","0.59K","0.72%"
"28 Dec 2019","0.9909","0.9956","0.9956","0.9909","0.29K","-0.37%"
"27 Dec 2019","0.9946","0.9938","0.9946","0.9938","1.06K","0.08%"
"26 Dec 2019","0.9938","0.9956","0.9980","0.9938","1.20K","-0.18%"
"25 Dec 2019","0.9956","0.9980","0.9980","0.9956","0.22K","-0.01%"
"24 Dec 2019","0.9957","0.9957","0.9983","0.9957","0.01K","0.00%"
"23 Dec 2019","0.9957","0.9980","0.9983","0.9957","1.01K","-0.23%"
"22 Dec 2019","0.9980","1.0022","1.0080","0.9980","0.99K","-0.99%"
"19 Dec 2019","1.0080","1.0080","1.0080","1.0080","","0.00%"
"18 Dec 2019","1.0080","1.0010","1.0080","1.0010","1.29K","0.70%"
"17 Dec 2019","1.0010","1.0010","1.0010","1.0010","","0.11%"
"16 Dec 2019","0.9999","0.9999","0.9999","0.9999","","0.00%"
"15 Dec 2019","0.9999","1.0053","1.0053","0.9999","0.29K","-0.54%"
"14 Dec 2019","1.0053","1.0000","1.0053","0.9999","1.65K","0.53%"
"13 Dec 2019","1.0000","1.0019","1.0019","1.0000","1.30K","-0.19%"
"12 Dec 2019","1.0019","1.0032","1.0040","0.9999","2.16K","-0.13%"
"11 Dec 2019","1.0032","1.0020","1.0032","1.0009","0.63K","0.12%"
"10 Dec 2019","1.0020","1.0000","1.0020","0.9992","1.18K","0.20%"
"09 Dec 2019","1.0000","0.9946","1.0000","0.9904","2.64K","0.99%"
"07 Dec 2019","0.9902","0.9902","0.9902","0.9902","","0.00%"
"06 Dec 2019","0.9902","0.9902","0.9902","0.9902","","0.02%"
"05 Dec 2019","0.9900","0.9900","0.9900","0.9900","","0.00%"
"04 Dec 2019","0.9900","0.9907","0.9907","0.9900","2.06K","-0.07%"
"03 Dec 2019","0.9907","0.9923","0.9923","0.9907","1.07K","-0.16%"
"02 Dec 2019","0.9923","0.9940","0.9940","0.9923","0.49K","-0.17%"
"01 Dec 2019","0.9940","0.9923","0.9980","0.9923","0.24K","0.17%"
"30 Nov 2019","0.9923","1.0000","1.0000","0.9923","0.36K","-0.77%"
"29 Nov 2019","1.0000","1.0000","1.0000","0.9940","0.21K","0.00%"
"28 Nov 2019","1.0000","0.9923","1.0000","0.9923","2.14K","0.78%"
"27 Nov 2019","0.9923","0.9980","1.0000","0.9923","7.24K","-0.57%"